brand,source,title,description,url,publishedAt,review
Crumbl Cookies,TMZ,"Ray J, Nia Dorsey & More Celebrate Crumbl's Birthday With 'TMZ After Dark'","The ""TMZ After Dark Tour"" took over Hollywood again this weekend with some hot hosts ... and for the first time ever, sweet treats! Check out our footage from the tours from Friday and Saturday ... model and reality star Nia Dorsey, singer Ray J…",https://www.tmz.com/2025/09/22/tmz-after-dark-crumbl/,2025-09-22T16:10:34Z,"Ray J, Nia Dorsey & More Celebrate Crumbl's Birthday With 'TMZ After Dark' The ""TMZ After Dark Tour"" took over Hollywood again this weekend with some hot hosts ... and for the first time ever, sweet treats! Check out our footage from the tours from Friday and Saturday ... model and reality star Nia Dorsey, singer Ray J…"
Crumbl Cookies,Cosmopolitan.com,"Grant Gibbs Apologizes After Accidentally Outing Crumbl Co-Founder, and Here’s Why It Matters",Crumbl Cookies co-founder Sawyer Hemsley came out in an Instagram post on Tuesday following two viral TikToks that accidentally outed him as gay.,https://www.cosmopolitan.com/entertainment/celebs/a65912163/grant-gibbs-apology-accidentally-outing-crumbl-co-founder/,2025-08-27T20:02:00Z,"Grant Gibbs Apologizes After Accidentally Outing Crumbl Co-Founder, and Here’s Why It Matters Crumbl Cookies co-founder Sawyer Hemsley came out in an Instagram post on Tuesday following two viral TikToks that accidentally outed him as gay."
Crumbl Cookies,Out.com,"Crumbl's Sawyer Hemsley celebrates coming out with fries, flowers & shirtless selfies","A week after coming out on Instagram in response to online speculation about his sexuality, Sawyer Hemsley, the cofounder and chief branding officer of Crumbl Cookies, took to the platform Tuesday with another heartfelt post.",https://www.out.com/media/sawyer-hemsley-celebrates-coming-out,2025-09-03T19:22:38Z,"Crumbl's Sawyer Hemsley celebrates coming out with fries, flowers & shirtless selfies A week after coming out on Instagram in response to online speculation about his sexuality, Sawyer Hemsley, the cofounder and chief branding officer of Crumbl Cookies, took to the platform Tuesday with another heartfelt post."
Crumbl Cookies,The Daily Dot,“The epitome of gluttony”: Crumbl’s launch “dirty sodas” called out for the extreme sugar and calories,"When Crumbl isn’t making giant cookies loaded with frosting, it’s apparently now mixing up sodas. The cookie chain is testing “dirty sodas” in Canada, with plans to expand to the U.S. soon.


Customers can pick from three drink styles: regular sodas like Coke…",https://www.dailydot.com/news/crumbl-dirty-soda-sugar-calories/,2025-09-19T11:00:00Z,"“The epitome of gluttony”: Crumbl’s launch “dirty sodas” called out for the extreme sugar and calories When Crumbl isn’t making giant cookies loaded with frosting, it’s apparently now mixing up sodas. The cookie chain is testing “dirty sodas” in Canada, with plans to expand to the U.S. soon.


Customers can pick from three drink styles: regular sodas like Coke…"
Crumbl Cookies,Just Jared,"Crumbl's Sawyer Hemsley Talked About Dating Women & Never Being in Love, One Year Before Coming Out as Gay","Crumbl co-founder Sawyer Hemsley came out as gay this week amid intense speculation on social media and now some of his past comments are resurfacing. Sawyer was outed by gay influencers on social media, who called him out for allegedly presenting as a straig…",https://www.justjared.com/2025/08/29/crumbls-sawyer-hemsley-talked-about-dating-women-never-being-in-love-one-year-before-coming-out-as-gay/,2025-08-29T05:42:39Z,"Crumbl's Sawyer Hemsley Talked About Dating Women & Never Being in Love, One Year Before Coming Out as Gay Crumbl co-founder Sawyer Hemsley came out as gay this week amid intense speculation on social media and now some of his past comments are resurfacing. Sawyer was outed by gay influencers on social media, who called him out for allegedly presenting as a straig…"
Crumbl Cookies,Dealnews.com,Crumbl Cookies: 6 for the price of 4,"Today only, get six cookies for the price of four.
If you're in the mood for fast food, you can save even more with these Uber Eats promo codes. Shop Now at Crumbl",https://www.dealnews.com/Crumbl-Cookies-6-for-the-price-of-4/21770472.html,2025-09-24T09:54:46Z,"Crumbl Cookies: 6 for the price of 4 Today only, get six cookies for the price of four.
If you're in the mood for fast food, you can save even more with these Uber Eats promo codes. Shop Now at Crumbl"
Crumbl Cookies,Theimpulsivebuy.com,REVIEW: Oreo Reese’s Cookies,"Butterfly clips, low-rise jeans, Ed Hardy jeans, and apparently Oreo Reese’s Cookies are all back in rotation. What’s old is new again. If you’re feeling déjà vu too, you’re not wrong. Back in 2014, there was that split-filling Oreo – half chocolate crème, ha…",https://www.theimpulsivebuy.com/wordpress/2025/09/12/oreo-reeses-cookies-review/,2025-09-12T16:00:00Z,"REVIEW: Oreo Reese’s Cookies Butterfly clips, low-rise jeans, Ed Hardy jeans, and apparently Oreo Reese’s Cookies are all back in rotation. What’s old is new again. If you’re feeling déjà vu too, you’re not wrong. Back in 2014, there was that split-filling Oreo – half chocolate crème, ha…"
Crumbl Cookies,Pajiba.com,Labubu Crumbl Dubai Chocolate: Overconsumption Is In Its Brainrot Era,"Over the past year or so, I've seen a lot of people complaining that the internet is no longer fun. There are plenty of reasons to justify that position and it's hard to argue against them: increased censorship, oversaturation of...
Read more...",https://www.pajiba.com/miscellaneous/labubu-crumbl-dubai-chocolate-overconsumption-is-in-its-brainrot-era.php,2025-09-22T18:23:42Z,"Labubu Crumbl Dubai Chocolate: Overconsumption Is In Its Brainrot Era Over the past year or so, I've seen a lot of people complaining that the internet is no longer fun. There are plenty of reasons to justify that position and it's hard to argue against them: increased censorship, oversaturation of...
Read more..."
Crumbl Cookies,Brandingstrategyinsider.com,Why Your Brand Needs An Enemy,"Why do some brands spark passionate debates while others are quickly forgotten? The answer lies not in what they embrace, but in what they boldly reject. The best brands aren’t built by trying to be everything to everyone. They’re built by drawing a line. In …",https://brandingstrategyinsider.com/why-your-brand-needs-an-enemy/,2025-09-11T21:20:56Z,"Why Your Brand Needs An Enemy Why do some brands spark passionate debates while others are quickly forgotten? The answer lies not in what they embrace, but in what they boldly reject. The best brands aren’t built by trying to be everything to everyone. They’re built by drawing a line. In …"
Crumbl Cookies,Slickdeals.net,"Sept 24th: Select Crumbl Cookies Loations: Buy 4 Cookies, Get 2 Free (Participating Locations) (3 replies)","Select Crumbl Cookies Locations [crumblcookies.com] (link for reference only) are offering September 24th 6 Cookies for the Price of 4. This offer is available for pickup online or in the app (iOS, An",https://slickdeals.net/f/18626710-sept-24th-select-crumbl-cookies-loations-buy-4-cookies-get-2-free-participating-locations,2025-09-23T14:18:56Z,"Sept 24th: Select Crumbl Cookies Loations: Buy 4 Cookies, Get 2 Free (Participating Locations) (3 replies) Select Crumbl Cookies Locations [crumblcookies.com] (link for reference only) are offering September 24th 6 Cookies for the Price of 4. This offer is available for pickup online or in the app (iOS, An"
Crumbl Cookies,Forbes,How Protein-Packed Junk Food Could Make America Fit Again,"Legendary Foods CEO Ron Penna sold his first protein bar company, Quest Nutrition, for $1 billion. His newest flex is selling fitness freaks ‘healthy’ versions of cinnamon rolls, donuts, and mac and cheese—and now brings in $180 million in revenue.",https://www.forbes.com/sites/simonemelvin/2025/08/31/how-protein-packed-junk-food-could-make-america-fit-again/,2025-08-31T10:00:00Z,"How Protein-Packed Junk Food Could Make America Fit Again Legendary Foods CEO Ron Penna sold his first protein bar company, Quest Nutrition, for $1 billion. His newest flex is selling fitness freaks ‘healthy’ versions of cinnamon rolls, donuts, and mac and cheese—and now brings in $180 million in revenue."
Crumbl Cookies,Thepinknews.com,Crumbl Cookies founder comes out after online speculation: ‘People tried to define me’,"Crumbl Cookies co-founder Sawyer Hemsley has come out as gay following online speculation, telling his followers, “People tried to define me.” Hemsley and Jason McGowan co-founded Crumbl Cookies in 2017 and have since opened “more than 1,000 locations across …",https://www.thepinknews.com/2025/08/27/crumbl-cookies-founder-gay-sawyer-hemsley/,2025-08-27T02:03:15Z,"Crumbl Cookies founder comes out after online speculation: ‘People tried to define me’ Crumbl Cookies co-founder Sawyer Hemsley has come out as gay following online speculation, telling his followers, “People tried to define me.” Hemsley and Jason McGowan co-founded Crumbl Cookies in 2017 and have since opened “more than 1,000 locations across …"
Crumbl Cookies,Thepinknews.com,TikTok star Grant Gibbs issues apology for ‘outing’ Crumbl Cookies founder as gay: ‘Genuinely sorry’,"TikTok star Grant Gibbs has issued an apology for “outing” Crumbl Cookies co-founder Sawyer Hemsley. Hemsley came out publicly as gay on Monday (25 August) after rampant online speculation about his sexuality. “Instead of letting others write my story, I want…",https://www.thepinknews.com/2025/08/28/grant-gibbs-apology-sawyer-hemsley/,2025-08-28T00:36:05Z,"TikTok star Grant Gibbs issues apology for ‘outing’ Crumbl Cookies founder as gay: ‘Genuinely sorry’ TikTok star Grant Gibbs has issued an apology for “outing” Crumbl Cookies co-founder Sawyer Hemsley. Hemsley came out publicly as gay on Monday (25 August) after rampant online speculation about his sexuality. “Instead of letting others write my story, I want…"
Crumbl Cookies,Thepinknews.com,Crumbl Cookies founder goes public with new boyfriend just one month after coming out,"Crumbl Cookies founder Sawyer Hemsley has gone public with his new boyfriend, one month after coming out as gay.  On 25 August, Hemsley came out as gay following online speculation, telling his followers, “People tried to define me.” He added: “The truth is, …",https://www.thepinknews.com/2025/09/26/crumbl-cookies-founder-goes-public-with-new-boyfriend-just-one-month-after-coming-out/,2025-09-26T09:31:17Z,"Crumbl Cookies founder goes public with new boyfriend just one month after coming out Crumbl Cookies founder Sawyer Hemsley has gone public with his new boyfriend, one month after coming out as gay.  On 25 August, Hemsley came out as gay following online speculation, telling his followers, “People tried to define me.” He added: “The truth is, …"
Crumbl Cookies,New York Post,Crumbl boss Sawyer Hemsley comes out as gay after rumors about his sexuality surged online: ‘Truth about myself’,"""I’ve come to understand and accept that I’m gay,” Crumbl co-founder Sawyer Hemsley shared on Instagram.",https://nypost.com/2025/08/27/business/crumbl-boss-sawyer-hemsley-comes-out-as-gay-after-rumors-about-his-sexuality-surged-online/,2025-08-27T05:31:44Z,"Crumbl boss Sawyer Hemsley comes out as gay after rumors about his sexuality surged online: ‘Truth about myself’ ""I’ve come to understand and accept that I’m gay,” Crumbl co-founder Sawyer Hemsley shared on Instagram."
Crumbl Cookies,New York Post,"Influencer mom insists kids pay for their own DoorDash and Amazon habits — arousing online debate: ‘Oh no, you’re being a parent’","You're on your own, kid.",https://nypost.com/2025/09/05/lifestyle/influencer-mom-sparks-debate-over-making-kids-pay-for-meals-more/,2025-09-05T23:15:35Z,"Influencer mom insists kids pay for their own DoorDash and Amazon habits — arousing online debate: ‘Oh no, you’re being a parent’ You're on your own, kid."
Crumbl Cookies,The Times of India,Viral heavy soda TikTok trend explained: Here's how this is the sweetest yet the most dangerous obsession,"A bizarre new craze called “heavy soda” is flooding TikTok and gas stations across America. By cranking up the syrup in fountain machines, drinks like Pepsi and Mountain Dew are hitting extreme sweetness levels. While fans call it genius, health experts warn …",https://www.indiatimes.com/trending/viral-heavy-soda-tiktok-trend-explained-heres-how-this-is-the-sweetest-yet-the-most-dangerous-obsession-671396.html,2025-09-25T07:34:42Z,"Viral heavy soda TikTok trend explained: Here's how this is the sweetest yet the most dangerous obsession A bizarre new craze called “heavy soda” is flooding TikTok and gas stations across America. By cranking up the syrup in fountain machines, drinks like Pepsi and Mountain Dew are hitting extreme sweetness levels. While fans call it genius, health experts warn …"
Crumbl Cookies,TODAY,Crumbl Founder Opens up About His Sexuality After ‘Harmful’ Online Speculation,"Crumbl co-founder Sawyer Hemsley publicly came out as gay following viral speculation online bout his sexuality, including from influencer Grant Gibbs.",https://www.today.com/food/people/crumbl-cookies-sawyer-hemsley-comes-out-as-gay-rcna227572,2025-08-27T19:57:38Z,"Crumbl Founder Opens up About His Sexuality After ‘Harmful’ Online Speculation Crumbl co-founder Sawyer Hemsley publicly came out as gay following viral speculation online bout his sexuality, including from influencer Grant Gibbs."
Crumbl Cookies,The-independent.com,‘Heavy soda’ trend takes over TikTok amid growing health warnings,TikTok users have spotted the drink at gas stations in Missouri,https://www.the-independent.com/life-style/heavy-soda-fountain-tiktok-trend-what-heath-warning-b2831701.html,2025-09-23T04:03:06Z,‘Heavy soda’ trend takes over TikTok amid growing health warnings TikTok users have spotted the drink at gas stations in Missouri
Crumbl Cookies,The-independent.com,"‘Heavy soda’ trend sweeps TikTok, sparking health warnings",TikTok users have spotted the drink at gas stations in Missouri,https://www.the-independent.com/life-style/heavy-soda-fountain-trend-tiktok-b2831506.html,2025-09-22T20:56:08Z,"‘Heavy soda’ trend sweeps TikTok, sparking health warnings TikTok users have spotted the drink at gas stations in Missouri"
Crumbl Cookies,The-independent.com,‘Heavy soda’ trend takes over TikTok amid growing health warnings,TikTok users have spotted the new drink option at gas stations in Missouri,https://www.the-independent.com/life-style/heavy-soda-fountain-tiktok-heath-warning-b2834111.html,2025-09-26T05:43:53Z,‘Heavy soda’ trend takes over TikTok amid growing health warnings TikTok users have spotted the new drink option at gas stations in Missouri
Insomnia Cookies,Fortune,Insomnia Cookies’ CEO runs a sweets empire worth $350 million—but as a college junior he delivered cookies across campus at 2 a.m.,Insomnia Cookies CEO Seth Berkowitz started his cookie-delivery business and got angel investors on board before even graduating college.,https://fortune.com/2025/09/21/insomnia-cookies-ceo-seth-berkowitz-college-student-350-million-empire-krispy-kreme/,2025-09-21T10:03:00Z,Insomnia Cookies’ CEO runs a sweets empire worth $350 million—but as a college junior he delivered cookies across campus at 2 a.m. Insomnia Cookies CEO Seth Berkowitz started his cookie-delivery business and got angel investors on board before even graduating college.
Insomnia Cookies,Yahoo Entertainment,Krispy Kreme (DNUT) Divests Remaining Stake in Insomnia Cookies at $75 Million,"Krispy Kreme, Inc. (NASDAQ:DNUT) is one of the best meme stocks. On June 10, Krispy Kreme announced the sale of its remaining shares in Insomnia Cookies...",https://finance.yahoo.com/news/krispy-kreme-dnut-divests-remaining-112832696.html,2025-08-29T11:28:32Z,"Krispy Kreme (DNUT) Divests Remaining Stake in Insomnia Cookies at $75 Million Krispy Kreme, Inc. (NASDAQ:DNUT) is one of the best meme stocks. On June 10, Krispy Kreme announced the sale of its remaining shares in Insomnia Cookies..."
Insomnia Cookies,Forbes,Why Sleep Tourism Is The Trend We’ve Been Dreaming About,"Bangkok may be busy tut it also home to the peaceful wellness retreat, RAKxa. Its new science-led sleep programme harnesses the health benefits of good sleep.",https://www.forbes.com/sites/angelinavillaclarke/2025/09/19/why-sleep-tourism-is-the-trend-weve-been-dreaming-about/,2025-09-19T07:31:03Z,"Why Sleep Tourism Is The Trend We’ve Been Dreaming About Bangkok may be busy tut it also home to the peaceful wellness retreat, RAKxa. Its new science-led sleep programme harnesses the health benefits of good sleep."
Insomnia Cookies,Forbes,Krispy Kreme’s Dork Rally Crashes,"Krispy Kreme is selling off assets to keep its business alive, while the stock price implies an improbably profitable future.",https://www.forbes.com/sites/greatspeculations/2025/09/12/krispy-kremes-dork-rally-crashes/,2025-09-12T14:37:16Z,"Krispy Kreme’s Dork Rally Crashes Krispy Kreme is selling off assets to keep its business alive, while the stock price implies an improbably profitable future."
Insomnia Cookies,Biztoc.com,Insomnia Cookies’ CEO runs a sweets empire worth $350 million—but as a college junior he delivered cookies across campus at 2 a.m,"Insomnia Cookies founder and CEO Seth Berkowitz started his business as a junior in college, delivering 89-cent cookies across campus at 2 a.m. It didn’t take long for dessert-craving night owls at school to take notice: before he even graduated, Berkowitz ha…",https://biztoc.com/x/02f0d91c871155e3,2025-09-21T10:14:47Z,"Insomnia Cookies’ CEO runs a sweets empire worth $350 million—but as a college junior he delivered cookies across campus at 2 a.m Insomnia Cookies founder and CEO Seth Berkowitz started his business as a junior in college, delivering 89-cent cookies across campus at 2 a.m. It didn’t take long for dessert-craving night owls at school to take notice: before he even graduated, Berkowitz ha…"
Insomnia Cookies,Adweek,Have Sports Fans’ Viewing Habits Changed the Ad Game for Good?,"This post was created in partnership with Cadent Key takeaways     The traditional linear sports broadcast is no longer the only game in town. Today, brands can leverage connected TV (CTV), […]",https://www.adweek.com/convergent-tv/have-sports-fans-viewing-habits-changed-the-ad-game-for-good/,2025-09-08T15:29:11Z,"Have Sports Fans’ Viewing Habits Changed the Ad Game for Good? This post was created in partnership with Cadent Key takeaways     The traditional linear sports broadcast is no longer the only game in town. Today, brands can leverage connected TV (CTV), […]"
Insomnia Cookies,mindbodygreen.com,This Super Popular Drink Offers Metabolic & Cognitive Benefits,We consulted experts in Japanese cooking &amp; nutrition for this complete guide.,https://www.mindbodygreen.com/articles/5-health-benefits-of-matcha-and-creative-ways-to-drink-it-its-high-in-antioxidants,2025-09-02T10:22:00Z,This Super Popular Drink Offers Metabolic & Cognitive Benefits We consulted experts in Japanese cooking &amp; nutrition for this complete guide.
Insomnia Cookies,Barchart.com,"Down 65% in 2025, Should You Buy the Dip in Krispy Kreme Stock?","Krispy Kreme caught a quick rush of meme stock fire, but the hype has already burned out.",https://www.barchart.com/story/news/34548932/down-65-in-2025-should-you-buy-the-dip-in-krispy-kreme-stock,2025-09-02T19:59:12Z,"Down 65% in 2025, Should You Buy the Dip in Krispy Kreme Stock? Krispy Kreme caught a quick rush of meme stock fire, but the hype has already burned out."
Insomnia Cookies,Fortune,"Trump’s plan to charge $100,000 for new H-1B visas is met with dismay by CEOs who want the world’s top talent",Also: All the news and watercooler chat from Fortune.,https://fortune.com/2025/09/22/trump-plan-100000-h-1b-visas-ceos/,2025-09-22T09:06:57Z,"Trump’s plan to charge $100,000 for new H-1B visas is met with dismay by CEOs who want the world’s top talent Also: All the news and watercooler chat from Fortune."
Insomnia Cookies,Slickdeals.net,September Food Deals Over 100+ Restaurants and Deals In This Thread To Feed Your Belly!,"Hello Slickers, time to get your belly full. If your looking for a bargain, trying to squeeze a nickel so hard, it turns into a dime, then here ya go! 
Food deals all month long, so thanks in advance...",https://slickdeals.net/f/18578518-september-food-deals-over-100-restaurants-and-deals-in-this-thread-to-feed-your-belly,2025-09-03T18:20:04Z,"September Food Deals Over 100+ Restaurants and Deals In This Thread To Feed Your Belly! Hello Slickers, time to get your belly full. If your looking for a bargain, trying to squeeze a nickel so hard, it turns into a dime, then here ya go! 
Food deals all month long, so thanks in advance..."
Insomnia Cookies,ETF Daily News,Reviewing Reborn Coffee (NASDAQ:REBN) & Krispy Kreme (NASDAQ:DNUT),"Reborn Coffee (NASDAQ:REBN – Get Free Report) and Krispy Kreme (NASDAQ:DNUT – Get Free Report) are both small-cap consumer staples companies, but which is the better business? We will contrast the two businesses based on the strength of their dividends, analy…",https://www.etfdailynews.com/2025/09/25/reviewing-reborn-coffee-nasdaqrebn-krispy-kreme-nasdaqdnut/,2025-09-25T07:32:50Z,"Reviewing Reborn Coffee (NASDAQ:REBN) & Krispy Kreme (NASDAQ:DNUT) Reborn Coffee (NASDAQ:REBN – Get Free Report) and Krispy Kreme (NASDAQ:DNUT – Get Free Report) are both small-cap consumer staples companies, but which is the better business? We will contrast the two businesses based on the strength of their dividends, analy…"
Insomnia Cookies,GlobeNewswire,PRSA-NY Celebrates Excellence in Communications at 2025 Big Apple Awards,"Sold-Out Evening Honored Standout PR Campaigns, Rising Stars, and Industry Leaders Sold-Out Evening Honored Standout PR Campaigns, Rising Stars, and Industry Leaders",https://www.globenewswire.com/news-release/2025/09/22/3153984/0/en/PRSA-NY-Celebrates-Excellence-in-Communications-at-2025-Big-Apple-Awards.html,2025-09-22T13:14:00Z,"PRSA-NY Celebrates Excellence in Communications at 2025 Big Apple Awards Sold-Out Evening Honored Standout PR Campaigns, Rising Stars, and Industry Leaders Sold-Out Evening Honored Standout PR Campaigns, Rising Stars, and Industry Leaders"
Insomnia Cookies,ETF Daily News,Krispy Kreme (NASDAQ:DNUT) and RH (NYSE:RH) Financial Survey,"Krispy Kreme (NASDAQ:DNUT – Get Free Report) and RH (NYSE:RH – Get Free Report) are both consumer staples companies, but which is the superior business? We will compare the two businesses based on the strength of their institutional ownership, dividends, valu…",https://www.etfdailynews.com/2025/09/04/krispy-kreme-nasdaqdnut-and-rh-nyserh-financial-survey/,2025-09-04T06:24:52Z,"Krispy Kreme (NASDAQ:DNUT) and RH (NYSE:RH) Financial Survey Krispy Kreme (NASDAQ:DNUT – Get Free Report) and RH (NYSE:RH – Get Free Report) are both consumer staples companies, but which is the superior business? We will compare the two businesses based on the strength of their institutional ownership, dividends, valu…"
Insomnia Cookies,GlobeNewswire,Tom’s Watch Bar Signs Lease with Milwaukee Bucks to Open Location across from Fiserv Forum in Deer District,Premium sports bar concept to enter Milwaukee market amid accelerated national expansion Premium sports bar concept to enter Milwaukee market amid accelerated national expansion,https://www.globenewswire.com/news-release/2025/09/18/3152487/0/en/Tom-s-Watch-Bar-Signs-Lease-with-Milwaukee-Bucks-to-Open-Location-across-from-Fiserv-Forum-in-Deer-District.html,2025-09-18T13:05:00Z,Tom’s Watch Bar Signs Lease with Milwaukee Bucks to Open Location across from Fiserv Forum in Deer District Premium sports bar concept to enter Milwaukee market amid accelerated national expansion Premium sports bar concept to enter Milwaukee market amid accelerated national expansion
Insomnia Cookies,Newsbreak.com,"Meat market, health food restaurant, Mexican buffet receive low inspection scores: List - NewsBreak","A meat market, a health food restaurant, and a wings location all received low scores in this week's restaurant inspections. A passing score is 70 or highe",https://www.newsbreak.com/share/4223233788945-meat-market-health-food-restaurant-mexican-buffet-receive-low-inspection-scores-list?s=a2&amp;share_destination_id=MjgyMTg5OTMtMTc1NzQzODk5ODQyMw%3D%3D&amp;pd=01uP33jC&amp;hl=en_US&amp;send_time=1757438998&amp;actBtn=bottomBar&amp;_f=app_share&amp;trans_data=%7B%22platform%22%3A1%2C%22cv%22%3A%2225.36.0%22%2C%22languages%22%3A%22en%22%7D,2025-09-09T17:30:35Z,"Meat market, health food restaurant, Mexican buffet receive low inspection scores: List - NewsBreak A meat market, a health food restaurant, and a wings location all received low scores in this week's restaurant inspections. A passing score is 70 or highe"
Levain Bakery,Eater,Chicago’s Best Bakeries,"Pastry chefs and bakers have fed Chicagoans a dazzling array of treats for years, and their skills only keep getting better. Although the city has said farewell to institutions like Dinkel’s and Swedish Bakery in recent times, new arrivals like Justice of the…",https://chicago.eater.com/maps/best-chicago-bakeries,2025-09-24T21:47:10Z,"Chicago’s Best Bakeries Pastry chefs and bakers have fed Chicagoans a dazzling array of treats for years, and their skills only keep getting better. Although the city has said farewell to institutions like Dinkel’s and Swedish Bakery in recent times, new arrivals like Justice of the…"
Levain Bakery,Iheartnaptime.net,Chocolate Chip Walnut Cookies,"Chewy chocolate chip walnut cookies made with rich brown sugar, melty chocolate chunks plus chocolate chips, and crunchy walnuts. A bakery-style treat made at home! Thick & Chewy Chocolate Chip Walnut Cookies Warm, bakery-style chocolate chip walnut cookies a…",https://www.iheartnaptime.net/chocolate-chip-walnut-cookies/,2025-08-27T12:00:00Z,"Chocolate Chip Walnut Cookies Chewy chocolate chip walnut cookies made with rich brown sugar, melty chocolate chunks plus chocolate chips, and crunchy walnuts. A bakery-style treat made at home! Thick & Chewy Chocolate Chip Walnut Cookies Warm, bakery-style chocolate chip walnut cookies a…"
Levain Bakery,Time Out,Katz’s Deli and Kith Treats are topping ice cream sundaes with mini latkes and pastrami-seasoned croutons as part of new collab,Two New York icons remix deli staples into over-the-top sundaes available for just 10 days,https://www.timeout.com/newyork/news/katzs-deli-and-kith-treats-are-topping-ice-cream-sundaes-with-mini-latkes-and-pastrami-seasoned-croutons-as-part-of-new-collab-091125,2025-09-11T19:46:55Z,Katz’s Deli and Kith Treats are topping ice cream sundaes with mini latkes and pastrami-seasoned croutons as part of new collab Two New York icons remix deli staples into over-the-top sundaes available for just 10 days
Levain Bakery,New York Post,"Top chefs Daniel Boulud, Jesus Duron cook up new NYC hotspots on Upper West Side","One restaurant is from a chef who needs no introduction in the Big Apple: Daniel Boulud. The other Jesus Duron, whose Mexico City restaurant Pujol has earned two Michelin stars.",https://nypost.com/2025/09/03/business/chefs-daniel-boulud-jesus-duron-cook-up-new-nyc-hotspots-on-upper-west-side/,2025-09-03T16:30:19Z,"Top chefs Daniel Boulud, Jesus Duron cook up new NYC hotspots on Upper West Side One restaurant is from a chef who needs no introduction in the Big Apple: Daniel Boulud. The other Jesus Duron, whose Mexico City restaurant Pujol has earned two Michelin stars."
Levain Bakery,Pinterest.com,"Giant Toffee Chocolate Chip Cookies Recipe - thick, bakery-style cookies packed with melty chocolate and crunchy toffee bits! Soft and gooey on the inside with a crisp golden edge. Just like Levain Bakery, but easy to make at home. Perfect for parties, gifting, or a sweet treat anytime!","Aug 28, 2025 - Giant Toffee Chocolate Chip Cookies Recipe - thick, bakery-style cookies packed with melty chocolate and crunchy toffee bits! Soft and gooey on the inside with a crisp golden edge. Just like Levain Bakery, but easy to make at home. Perfect for …",https://www.pinterest.com/pin/242842604902961144/,2025-09-14T15:52:58Z,"Giant Toffee Chocolate Chip Cookies Recipe - thick, bakery-style cookies packed with melty chocolate and crunchy toffee bits! Soft and gooey on the inside with a crisp golden edge. Just like Levain Bakery, but easy to make at home. Perfect for parties, gifting, or a sweet treat anytime! Aug 28, 2025 - Giant Toffee Chocolate Chip Cookies Recipe - thick, bakery-style cookies packed with melty chocolate and crunchy toffee bits! Soft and gooey on the inside with a crisp golden edge. Just like Levain Bakery, but easy to make at home. Perfect for …"
Levain Bakery,Palmbread.com,Show HN: Palm Bread – Open method to scale up home baking (100 loaves/day),"Article URL: https://palmbread.com/open_research/
Comments URL: https://news.ycombinator.com/item?id=45390405
Points: 2
# Comments: 1",https://palmbread.com/open_research/,2025-09-26T19:54:57Z,"Show HN: Palm Bread – Open method to scale up home baking (100 loaves/day) Article URL: https://palmbread.com/open_research/
Comments URL: https://news.ycombinator.com/item?id=45390405
Points: 2
# Comments: 1"
